component,cost
fixed_cost,19600.0
energy_cost,26627.873195471228
carbon_cost,5750.872170583234
penalty_cost,1772.0842511255878
total_cost,53750.82961718005
