component,cost
fixed_cost,18400.0
energy_cost,24688.131364052828
carbon_cost,5327.279526848829
penalty_cost,1473.4301060494079
total_cost,49888.84099695106
