component,cost
fixed_cost,19600.0
energy_cost,25250.234624438875
carbon_cost,5447.530445922338
penalty_cost,2079.2354718740885
total_cost,52377.0005422353
