component,cost
fixed_cost,18000.0
energy_cost,24533.44578262414
carbon_cost,5298.055585740445
penalty_cost,1375.9732545269328
total_cost,49207.47462289152
