{
  "route_count": 115,
  "is_complete": true,
  "is_capacity_feasible": true,
  "missing_node_ids": [],
  "duplicate_node_ids": [],
  "vehicle_trip_usage_by_type": {
    "E1": 28,
    "F1": 87
  },
  "vehicle_physical_usage_by_type": {
    "E1": 10,
    "F1": 35
  },
  "total_distance_km": 13068.86806524225,
  "carbon_kg": 8150.854747292993,
  "quality_metrics": {
    "late_stop_count": 12,
    "total_late_min": 636.062604048169,
    "max_late_min": 129.44182024141378,
    "wait_stop_count": 17,
    "total_wait_min": 2537.763253460376,
    "max_wait_min": 401.26158149635603,
    "return_after_17_count": 69,
    "return_after_midnight_count": 0,
    "max_return_min": 1394.3166197880698,
    "max_trips_per_physical_vehicle": 5,
    "mean_trips_per_physical_vehicle": 2.5555555555555554
  },
  "cost_breakdown": {
    "fixed_cost": 18000.0,
    "energy_cost": 24533.44578262414,
    "carbon_cost": 5298.055585740445,
    "penalty_cost": 1375.9732545269328,
    "total_cost": 49207.47462289152
  }
}