component,cost
fixed_cost,18000.0
energy_cost,24117.822757188183
carbon_cost,5207.2868723487
penalty_cost,1386.1677504943991
total_cost,48711.277380031286
