component,cost
fixed_cost,18800.0
energy_cost,24635.015203995183
carbon_cost,5316.9921409281615
penalty_cost,1898.4648217851075
total_cost,50650.47216670845
