component,cost
fixed_cost,18000.0
energy_cost,24551.89593682962
carbon_cost,5301.719178860577
penalty_cost,1386.1677504943991
total_cost,49239.7828661846
