component,cost
fixed_cost,18800.0
energy_cost,25609.647240591512
carbon_cost,5523.370431066767
penalty_cost,1787.025737306403
total_cost,51720.04340896468
