{
  "route_count": 116,
  "is_complete": true,
  "is_capacity_feasible": true,
  "missing_node_ids": [],
  "duplicate_node_ids": [],
  "vehicle_trip_usage_by_type": {
    "E1": 34,
    "E2": 1,
    "F1": 81
  },
  "vehicle_physical_usage_by_type": {
    "E1": 10,
    "E2": 1,
    "F1": 35
  },
  "total_distance_km": 13377.441244265317,
  "carbon_kg": 8195.814656690505,
  "quality_metrics": {
    "late_stop_count": 12,
    "total_late_min": 822.0062463350531,
    "max_late_min": 124.92292742043082,
    "wait_stop_count": 20,
    "total_wait_min": 2365.2747023105912,
    "max_wait_min": 349.29522457983,
    "return_after_17_count": 68,
    "return_after_midnight_count": 0,
    "max_return_min": 1429.6666066728421,
    "max_trips_per_physical_vehicle": 5,
    "mean_trips_per_physical_vehicle": 2.5217391304347827
  },
  "cost_breakdown": {
    "fixed_cost": 18400.0,
    "energy_cost": 24688.131364052828,
    "carbon_cost": 5327.279526848829,
    "penalty_cost": 1473.4301060494079,
    "total_cost": 49888.84099695106
  }
}