component,cost
fixed_cost,21600.0
energy_cost,24543.304498830417
carbon_cost,5291.844655254379
penalty_cost,3338.419398797422
total_cost,54773.56855288222
