component,cost
fixed_cost,22800.0
energy_cost,25199.052802414826
carbon_cost,5444.1535203256535
penalty_cost,4061.286097381948
total_cost,57504.49242012243
