component,cost
fixed_cost,22000.0
energy_cost,25252.071290227446
carbon_cost,5455.662349170004
penalty_cost,4401.936391706705
total_cost,57109.67003110416
