component,cost
fixed_cost,24800.0
energy_cost,25144.115796650094
carbon_cost,5404.173571093841
penalty_cost,1126.7918116175827
total_cost,56475.08117936152
