component,cost
fixed_cost,18400.0
energy_cost,26832.047120211028
carbon_cost,5797.393751845659
penalty_cost,1282.6673680333033
total_cost,52312.10824008999
