{
  "route_count": 119,
  "is_complete": true,
  "is_capacity_feasible": true,
  "missing_node_ids": [],
  "duplicate_node_ids": [],
  "vehicle_trip_usage_by_type": {
    "E1": 27,
    "E2": 1,
    "F1": 91
  },
  "vehicle_physical_usage_by_type": {
    "E1": 10,
    "E2": 1,
    "F1": 35
  },
  "total_distance_km": 14208.253082873778,
  "carbon_kg": 8919.067310531782,
  "quality_metrics": {
    "late_stop_count": 22,
    "total_late_min": 1268.4644252302269,
    "max_late_min": 119.21321710177881,
    "wait_stop_count": 4,
    "total_wait_min": 676.8410410243428,
    "max_wait_min": 428.97226640241774,
    "return_after_17_count": 71,
    "return_after_midnight_count": 0,
    "max_return_min": 1391.3619930032892,
    "max_trips_per_physical_vehicle": 5,
    "mean_trips_per_physical_vehicle": 2.5869565217391304
  },
  "cost_breakdown": {
    "fixed_cost": 18400.0,
    "energy_cost": 26832.047120211028,
    "carbon_cost": 5797.393751845659,
    "penalty_cost": 1282.6673680333033,
    "total_cost": 52312.10824008999
  }
}