component,cost
fixed_cost,17200.0
energy_cost,25091.786499554742
carbon_cost,5419.371451376741
penalty_cost,933.5270070263474
total_cost,48644.684957957834
