component,cost
fixed_cost,18000.0
energy_cost,24551.89593682962
carbon_cost,5301.719178860577
penalty_cost,1409.7374390949287
total_cost,49263.352554785124
