component,cost
fixed_cost,14800.0
energy_cost,23017.230365635714
carbon_cost,4953.098197254878
penalty_cost,9100.57629476593
total_cost,51870.90485765652
