component,cost
fixed_cost,24400.0
energy_cost,25921.98333207769
carbon_cost,5565.030105063855
penalty_cost,1034.8264142980177
total_cost,56921.83985143956
