component,cost
fixed_cost,18000.0
energy_cost,24549.876036033307
carbon_cost,5301.318093071357
penalty_cost,1386.1677504943991
total_cost,49237.36187959906
