component,cost
fixed_cost,24400.0
energy_cost,26582.811098043843
carbon_cost,5709.733929755069
penalty_cost,791.9914802443236
total_cost,57484.53650804324
